-- Native logins
INSERT INTO Auth_NativeLogin VALUES('{09A77A9D-0D9C-40f8-972F-C39B4202F31D}', 'TestUser',
	0x37FA265330AD83EAA879EFB1E2DB6380896CF639); -- password = pwd
INSERT INTO Auth_NativeLogin VALUES('{17506F36-199D-4dca-A93C-8EF6EE950285}', 'TestAdmin',
	0x070D14630F81D214382C2DE21BF83B4864747); -- password = apwd

EXECUTE Auth_AddRole '{486C7975-DD62-433b-8D63-98DD22A864B0}', 'Everyone';
EXECUTE Auth_AddRole '{91147662-8463-48bd-AD45-1C809871CB3F}', 'User';
EXECUTE Auth_AddRole '{BCD09FE9-F986-4045-ABA7-731E860CAE6C}', 'Admin';

-- Anonymous group
INSERT INTO Auth_Group VALUES('{29420D62-61E7-401a-B5FA-1363C9BCD004}', 'Anonymous', 'Anonymous users');
-- Anonymous <- Everyone
INSERT INTO Auth_GroupRole VALUES('{29420D62-61E7-401a-B5FA-1363C9BCD004}', '{486C7975-DD62-433b-8D63-98DD22A864B0}');

-- Users group
INSERT INTO Auth_Group VALUES('{0113AEE6-B663-405a-861B-BE407B92BB93}', 'Users', 'Registered users');
-- Users <- Everyone
INSERT INTO Auth_GroupRole VALUES('{0113AEE6-B663-405a-861B-BE407B92BB93}', '{486C7975-DD62-433b-8D63-98DD22A864B0}');
-- Users <- User
INSERT INTO Auth_GroupRole VALUES('{0113AEE6-B663-405a-861B-BE407B92BB93}', '{91147662-8463-48bd-AD45-1C809871CB3F}');

-- Admins group
INSERT INTO Auth_Group VALUES('{64598740-5C36-4ce4-A8C6-9F1317EEE128}', 'Admins', 'Site administrators')
-- Admins <- Everyone
INSERT INTO Auth_GroupRole VALUES('{64598740-5C36-4ce4-A8C6-9F1317EEE128}', '{486C7975-DD62-433b-8D63-98DD22A864B0}');
-- Admins <- User
INSERT INTO Auth_GroupRole VALUES('{64598740-5C36-4ce4-A8C6-9F1317EEE128}', '{91147662-8463-48bd-AD45-1C809871CB3F}');
-- Admins <- Admin
INSERT INTO Auth_GroupRole VALUES('{64598740-5C36-4ce4-A8C6-9F1317EEE128}', '{BCD09FE9-F986-4045-ABA7-731E860CAE6C}');

-- Principal for anonymous
EXECUTE Auth_AddPrincipal '{08258DAB-6C0B-41e0-A3CE-619164B0E603}';
INSERT INTO Auth_PrincipalLogin VALUES('{08258DAB-6C0B-41e0-A3CE-619164B0E603}', 'Anonymous', '')
-- Add to Anonymous group
INSERT INTO Auth_PrincipalGroup VALUES('{08258DAB-6C0B-41e0-A3CE-619164B0E603}', '{29420D62-61E7-401a-B5FA-1363C9BCD004}')

-- Principal for TestUser
EXECUTE Auth_AddPrincipal '{5948F431-464B-4817-A56D-865DBBD8FCFA}';
-- TestUser logins
INSERT INTO Auth_PrincipalLogin VALUES('{5948F431-464B-4817-A56D-865DBBD8FCFA}', 'Native', 'TestUser');
INSERT INTO Auth_PrincipalLogin VALUES('{5948F431-464B-4817-A56D-865DBBD8FCFA}', 'Windows', 'TestUser');
-- Users group
INSERT INTO Auth_PrincipalGroup VALUES('{5948F431-464B-4817-A56D-865DBBD8FCFA}', '{0113AEE6-B663-405a-861B-BE407B92BB93}');

-- Principal for TestAdmin
EXECUTE Auth_AddPrincipal '{1D320C87-7D7D-4e2a-8AFE-4A064A58B477}';
-- TestAdmin login
INSERT INTO Auth_PrincipalLogin VALUES('{1D320C87-7D7D-4e2a-8AFE-4A064A58B477}', 'Native', 'TestAdmin');
-- Admins group
INSERT INTO Auth_PrincipalGroup VALUES('{1D320C87-7D7D-4e2a-8AFE-4A064A58B477}', '{64598740-5C36-4ce4-A8C6-9F1317EEE128}');